onset	duration	trial_type	value	sample
6.068	n/a	Target	2	3034
6.194	n/a	NonTarget	1	3097
6.32	n/a	NonTarget	1	3160
6.444	n/a	NonTarget	1	3222
6.57	n/a	NonTarget	1	3285
6.702	n/a	NonTarget	1	3351
6.834	n/a	NonTarget	1	3417
6.968	n/a	Target	2	3484
7.096	n/a	NonTarget	1	3548
7.222	n/a	Target	2	3611
7.346	n/a	NonTarget	1	3673
7.47	n/a	NonTarget	1	3735
7.594	n/a	NonTarget	1	3797
7.72	n/a	Target	2	3860
7.854	n/a	NonTarget	1	3927
7.976	n/a	NonTarget	1	3988
8.1	n/a	NonTarget	1	4050
8.224	n/a	Target	2	4112
8.35	n/a	NonTarget	1	4175
8.486	n/a	NonTarget	1	4243
8.602	n/a	Target	2	4301
8.726	n/a	NonTarget	1	4363
8.854	n/a	NonTarget	1	4427
8.986	n/a	NonTarget	1	4493
9.102	n/a	NonTarget	1	4551
9.226	n/a	NonTarget	1	4613
9.35	n/a	NonTarget	1	4675
9.474	n/a	Target	2	4737
9.6	n/a	NonTarget	1	4800
9.726	n/a	NonTarget	1	4863
9.85	n/a	Target	2	4925
9.974	n/a	NonTarget	1	4987
10.102	n/a	Target	2	5051
10.232	n/a	NonTarget	1	5116
10.372	n/a	NonTarget	1	5186
10.502	n/a	NonTarget	1	5251
10.634	n/a	NonTarget	1	5317
10.758	n/a	NonTarget	1	5379
10.884	n/a	NonTarget	1	5442
11.006	n/a	Target	2	5503
